,neighbhood,AvgRentPrice
0,al amal,95500.0
1,an namudhajiyah,89090.90909090909
2,al jaradiyah,124138.88888888889
3,as sinaiyah,96962.28571428571
4,manfuhah al jadidah,27125.0
5,al fakhriyah,60000.0
6,ad dirah,178300.0
7,umm al hamam ash sharqi,206666.66666666666
8,ash sharafiyah,104000.0
9,al hada,83000.0
10,al madhar ash shamali,195192.63157894736
11,umm al hamam al gharbi,155416.66666666666
12,ar rahmaniyah,288714.28571428574
13,laban,109215.59493670886
14,ar rafiah,117500.0
15,al shohada,222076.36363636365
16,king fahd,205523.5294117647
17,as suwaidi,94296.5
18,al hazm,144452.884057971
19,utaiqah,140269.23076923078
20,al murabba,206894.73684210525
21,al falah,188076.92307692306
22,an nada,719436.6666666666
23,al mursalat,127377.0731707317
24,an nuzhah,129046.05263157895
25,al wurud,211693.9393939394
26,king faisal,120880.36842105263
27,new industrial area,33714.28571428572
28,al aziziyah,107446.36363636363
29,al mansurah,182040.0
30,ghubairah,59590.90909090909
31,al faruq,160250.0
32,al faisaliyah,150888.88888888888
33,al khalidiyah,110423.07692307692
34,al jazirah,117620.0
35,as saadah,251526.96629213484
36,an nasriyah,126750.0
37,al manakh,101750.0
38,ad difa,75166.66666666667
39,an nur,86687.5
40,king abdullah,143724.1379310345
41,al wahah,120100.0
42,salah ad din,219400.0
43,king abdul aziz,248623.07692307694
44,al wazarat,2487777.777777778
45,skirinah,
46,ar rabwah,556248.6486486486
47,jarir,66138.88888888889
48,al madhar,104000.0
49,as salhiyah,67276.0
50,al malaz,97000.0
51,manfuhah,138375.0
52,ilaishah,57500.0
53,an nahdah,99339.13043478261
54,al khalij,83238.54748603352
55,adh dhubbat,120654.54545454546
56,as suwaidi al gharbi,90548.50746268657
57,dirab,75368.36842105263
58,uhud,77818.18181818182
59,namar,123089.7435897436
60,ash shifa,98909.72222222222
61,al muhammadiyah,262478.4324324324
62,as sulimaniyah,531544.1176470588
63,al marwah,180533.33333333334
64,uqaz,65135.375
65,shubra,95120.08633093526
66,az zahrah,73331.92
67,siyah,103400.0
68,sultanah,73506.66666666667
69,al yamamah,147375.0
70,al badiah,92642.85714285714
71,al masani,81763.51351351352
72,al qadisiyah,192416.0
73,as safa,47222.22222222222
74,al ulaya,277346.96629213484
75,ad duraihimiyah,91900.0
76,al iskan,80000.0
77,as salam,91861.70212765958
78,al manar,146318.75
79,an nasim ash sharqi,331317.92452830187
80,al quds,132176.25
81,al wadi,164303.60975609755
82,an nafl,196310.52631578947
83,al masif,152013.2
84,at taawn,200865.18181818182
85,al izdihar,144225.83333333334
86,al andalus,101350.0
87,ar rawdah,126423.61111111111
88,ar rawabi,87171.875
89,ar rayan,473890.2173913043
90,dhahrat al badiah,82806.2015503876
91,an nazim,78576.92307692308
92,ar rimayah,102818.18181818182
93,al bariah,33500.0
94,taibah,22000.0
95,mansuriyah,51000.0
96,dahiat namar,89499.98901098901
97,al misfat,28250.0
98,as safarat,136000.0
99,khashm al an,208666.66666666666
100,qurtubah,173999.69298245615
101,tuwaiq,82103.50877192983
102,dhahrat namar,93168.83116883117
103,ar rabi,240232.35294117648
104,al mughrizat,193037.5
105,as sulai,90333.33333333333
106,al aqiq,290917.22222222225
107,an nakhil,262408.37209302327
108,al ghadir,221550.0
109,al muruj,171506.1224489796
110,al ud,95600.0
111,thulaim,87862.15384615384
112,ash shimaisi,96233.33333333333
113,al wisham,150000.0
114,as salam,
115,ad dubiyah,25000.0
116,al mikal,25000.0
117,jabrah,160000.0
118,al qura,
119,al marqab,65600.66666666667
120,al futah,110000.0
121,umm salim,12000.0
122,as sahafah,203901.82926829267
123,ar raid,162571.42857142858
124,al uraija al gharbiyah,72322.1649484536
125,al uraija,200000.0
126,al uraija al wusta,95383.56164383562
127,al hamra,182411.79381443298
128,ad dar al baida,64166.666666666664
129,al batha,50000.0
130,az zahra,107200.0
131,al faiha,64220.0
132,al mutamarat,171230.0
133,al wusayta,
134,al janadriyah,121569.92481203008
135,ishbiliyah,115991.09589041096
136,al maizilah,65000.0
137,al yarmuk,340030.8771929825
138,al munsiyah,281443.31125827815
139,al khuzama,192500.0
140,irqah,122000.0
141,dhahrat laban,108095.88620689655
142,hittin,198715.03896103895
143,al malqa,204474.65841584158
144,al qirawan,169429.35497835497
145,al yasmin,261264.05102040817
146,al arid,210039.6984924623
147,king khalid airport,235030.84340044743
148,an narjis,207226.05225653207
149,al imam university,714111.1111111111
150,banban,15000.0
151,ar rimal,169662.56756756757
152,ash sharq,210173.33333333334
153,ghirnatah,170986.91836734695
154,al dho,50000.0
155,al umjiah,
156,hyt,
157,al haeer,400000.0
158,um alshal,
159,al ghnamiah,
160,areed,94750.0
161,badr,82633.85826771654
162,al mahdiyah,106245.15966386555
163,king saud university,228483.88235294117
164,an nasim al gharbi,303424.0963855422
165,al mishal,164400.0
